{"loss": [0.12015257030725479, 0.008628223091363907, 0.007811415940523148, 0.007450362201780081, 0.00713276956230402, 0.006854260805994272, 0.006604673806577921, 0.006356123834848404, 0.0061630732379853725, 0.006014065816998482], "mean_absolute_error": [0.151906818151474, 0.07330923527479172, 0.06899143010377884, 0.06704284995794296, 0.06536933034658432, 0.06388819962739944, 0.0625535398721695, 0.06121514365077019, 0.06013293191790581, 0.05931593105196953], "val_loss": [0.009872528724372387, 0.009015134535729885, 0.008625696413218975, 0.008346200920641422, 0.008089249953627586, 0.007791584823280573, 0.007683459669351578, 0.00743919936940074, 0.007348222658038139, 0.00719735212624073], "val_mean_absolute_error": [0.07958470284938812, 0.0753018781542778, 0.07331717014312744, 0.07184185087680817, 0.07046874612569809, 0.06908556073904037, 0.06838568300008774, 0.06721406430006027, 0.06660935282707214, 0.06581467390060425]}